role,champion,coef,train_games
adc,AurelionSol,0.16325404888590236,1390
adc,Xerath,0.14172543329335605,503
adc,Cassiopeia,0.13785445457424556,616
adc,Lux,0.12992922780086377,1260
adc,Velkoz,0.0984335199481373,1148
adc,Zyra,0.0863412846393691,266
adc,Veigar,0.08536335086036398,1826
adc,Zilean,0.07604592150658213,118
adc,Hwei,0.06533540779815845,831
adc,Naafiri,0.06503136854745854,52
adc,Swain,0.0567498958902905,2495
adc,Nilah,0.0541099969281503,1370
adc,Brand,0.05261338552062541,1276
adc,Zoe,0.050309039133219165,34
adc,Fiora,0.04985678263064251,46
adc,Syndra,0.04709486245936651,409
adc,Karthus,0.046598759982562125,888
adc,Yasuo,0.04629533285831193,1550
adc,TahmKench,0.045185605047547095,129
adc,Seraphine,0.04161377444131308,1230
adc,Heimerdinger,0.04074591345870355,223
adc,Rengar,0.03811559037436868,44
adc,Viktor,0.031847245287352076,351
adc,Sona,0.030227100592411887,18
adc,Ekko,0.029331723618558028,28
adc,Draven,0.025885534740196055,4330
adc,Nasus,0.025814451195655785,7
adc,Irelia,0.024930615985425803,80
adc,Shen,0.02275158389586988,6
adc,Tristana,0.022679995126680307,3564
adc,LeeSin,0.02225238220691229,16
adc,Ryze,0.02194386089303767,42
adc,Ornn,0.019088909984759428,9
adc,Soraka,0.019019898678799375,21
adc,Urgot,0.01702911375111982,10
adc,Kayle,0.01638975007183637,19
adc,Ahri,0.016115945980082428,79
adc,Chogath,0.014999474745955265,44
adc,Anivia,0.01450027994042018,118
adc,Morgana,0.01419906752821455,58
adc,Pantheon,0.013670713361097613,33
adc,XinZhao,0.012561849325242238,9
adc,Fizz,0.01177020114525385,11
adc,Taliyah,0.011653416013803021,92
adc,Poppy,0.011342791088773525,7
adc,KogMaw,0.011147156746735729,1915
adc,FiddleSticks,0.01078105765188824,5
adc,Ziggs,0.009986156069219728,2005
adc,Udyr,0.009967018048541545,21
adc,Ashe,0.009776655820611593,7446
adc,Olaf,0.008246094412769574,32
adc,Zaahen,0.008091476607810854,6
adc,Gragas,0.007237894210833603,4
adc,Gwen,0.0066732719428961775,10
adc,Neeko,0.006612071279439596,48
adc,Viego,0.006418731458141933,34
adc,Lissandra,0.005996288531718467,12
adc,Leblanc,0.005632078576107691,8
adc,Samira,0.00491178368615818,3304
adc,Diana,0.004562066755882501,5
adc,Azir,0.0042357547513255525,22
adc,Gnar,0.004139954619180365,3
adc,Maokai,0.0039465446952856725,1
adc,Bard,0.0038662308755737567,1
adc,JarvanIV,0.003749794335719379,1
adc,Galio,0.0037300712132051685,5
adc,Nocturne,0.003694255447485858,1
adc,Amumu,0.003518902164880942,1
adc,Sion,0.0031972295531973454,69
adc,Yorick,0.003142121382567299,7
adc,Camille,0.0030947838902596093,3
adc,Katarina,0.0027648820086774353,350
adc,Ambessa,0.002428229515060742,11
adc,Senna,0.002373300982873465,1979
adc,Gangplank,0.0003038470571026538,6
adc,Jayce,0.00024471910980044983,17
adc,Riven,0.00019724946240165265,16
adc,Renata,-0.00025512133882367666,2
adc,Taric,-0.0007987554197557568,4
adc,Orianna,-0.0009820433987246181,10
adc,Shaco,-0.0018867001841566873,6
adc,Akshan,-0.002099669273221497,103
adc,Volibear,-0.0023508343375453584,3
adc,Skarner,-0.0030877516465172956,1
adc,Kassadin,-0.003424630216198084,3
adc,Kayn,-0.003446496579640453,3
adc,Nami,-0.003638959531301834,1
adc,Vi,-0.0036395282375978814,1
adc,Milio,-0.003699963745048144,1
adc,Nunu,-0.003747893293367474,1
adc,Ivern,-0.0037814136831813097,3
adc,Alistar,-0.003798862332830228,3
adc,Elise,-0.0038499464643840164,1
adc,Janna,-0.0039728701479183485,3
adc,TwistedFate,-0.004027478178330871,121
adc,Sejuani,-0.004107924547070711,1
adc,Rammus,-0.004110808297359221,3
adc,Kennen,-0.004326921465321636,5
adc,Trundle,-0.004384038805023671,1
adc,Kled,-0.004620058235309806,7
adc,Sett,-0.004683845682256662,28
adc,MasterYi,-0.005512865719403355,39
adc,Warwick,-0.006553532076392657,2
adc,Nautilus,-0.006642595078472775,6
adc,Blitzcrank,-0.007218620122740609,2
adc,Quinn,-0.007384694614574267,105
adc,RekSai,-0.008223096732887538,2
adc,Rumble,-0.008503034010512903,4
adc,Yone,-0.008707894785616694,55
adc,Jax,-0.009277884237399402,9
adc,Karma,-0.009612796818762856,17
adc,Lulu,-0.01060945037214625,5
adc,Talon,-0.010869966575440503,3
adc,Aatrox,-0.011213923576714194,3
adc,Leona,-0.011467375371373932,3
adc,Vex,-0.011566139228907878,25
adc,DrMundo,-0.01223797679528654,9
adc,Nidalee,-0.012429402754681605,7
adc,Singed,-0.012649872661660387,44
adc,Zed,-0.013060943406129823,40
adc,Zac,-0.013206489496465024,35
adc,Aurora,-0.013572816635547323,61
adc,Renekton,-0.014662947129736975,4
adc,Jinx,-0.014730248148801557,12799
adc,Yuumi,-0.015619498578311939,6
adc,MonkeyKing,-0.015745059907867405,8
adc,Malphite,-0.01592409657707084,10
adc,Akali,-0.016418419111401707,8
adc,Xayah,-0.016951448848418843,4370
adc,Mordekaiser,-0.01837699442036049,17
adc,KSante,-0.019000880549078374,7
adc,Darius,-0.02019468035450738,9
adc,Briar,-0.020802645408379568,27
adc,Tryndamere,-0.021150988619926078,73
adc,Sylas,-0.021555349820091663,13
adc,MissFortune,-0.02295547439946524,5857
adc,Garen,-0.025466346382317494,29
adc,Teemo,-0.0260173521117755,7
adc,Graves,-0.02624175108538108,20
adc,Annie,-0.029630433288008438,23
adc,Mel,-0.03432694436513981,2273
adc,Corki,-0.03468134879943222,5716
adc,Qiyana,-0.034749932056574784,48
adc,Pyke,-0.03828873122053054,24
adc,Kindred,-0.03969110200773823,54
adc,Caitlyn,-0.04690633870279736,11285
adc,Twitch,-0.054478655968788384,4511
adc,Vladimir,-0.06213701966816652,439
adc,Sivir,-0.0649378054602914,7113
adc,Malzahar,-0.07458078899388174,104
adc,Vayne,-0.08022488008162519,3353
adc,Zeri,-0.08432011918952079,2179
adc,Kalista,-0.09167569271516508,1144
adc,Varus,-0.09646963804342468,5251
adc,Smolder,-0.09814350006616207,5631
adc,Jhin,-0.09830204735971879,11827
adc,Ezreal,-0.09868228273886355,18567
adc,Yunara,-0.0998749743502296,11044
adc,Aphelios,-0.10089276688197019,7895
adc,Lucian,-0.11269868146171629,7459
adc,Kaisa,-0.1365247836157101,14797
jg,Belveth,0.19141093093510844,2250
jg,RekSai,0.15061036763209534,4299
jg,Shaco,0.15051205631351272,3506
jg,Ivern,0.12294808450261435,1879
jg,Zyra,0.10426231990113811,2054
jg,Rumble,0.08900018601284211,384
jg,Chogath,0.08887384093130658,379
jg,Udyr,0.08809167904481643,1775
jg,Nidalee,0.08052834004625156,3608
jg,Taliyah,0.0801235510429422,2183
jg,Elise,0.07942412760294357,2890
jg,Evelynn,0.07881446474612472,1867
jg,Nunu,0.07631786260971142,3101
jg,Zac,0.06859584327204486,2918
jg,Rengar,0.0636046023490403,4362
jg,Aatrox,0.05909770802067393,1326
jg,Ekko,0.059055845752556915,4597
jg,FiddleSticks,0.05075874809155722,2069
jg,Graves,0.05046277386636697,10302
jg,Kindred,0.04975634495319356,3033
jg,XinZhao,0.04726624898460424,6585
jg,Nasus,0.04272526419098758,741
jg,Sion,0.04256839059372838,218
jg,Neeko,0.04002694765220365,368
jg,Trundle,0.0382091748953407,633
jg,Skarner,0.037529642610680015,693
jg,Zaahen,0.03734136508053726,4781
jg,Ornn,0.035606064868347706,78
jg,Zed,0.03531742130344849,1646
jg,Karthus,0.03164909486737695,1877
jg,Urgot,0.03101564656304406,81
jg,Gwen,0.02977173026884202,1901
jg,Talon,0.029288668433065393,5200
jg,LeeSin,0.027866702702046633,11355
jg,AurelionSol,0.024612479700447006,80
jg,Kayn,0.022312368463263742,3025
jg,MasterYi,0.016390441117849285,3235
jg,Briar,0.016174156764809825,2495
jg,Nautilus,0.015373007382937334,61
jg,Hecarim,0.01390837147572594,4896
jg,Mordekaiser,0.013059278191918142,188
jg,Sylas,0.011243324091579299,3828
jg,Vayne,0.010668329405892775,117
jg,Pyke,0.009985309101965583,5
jg,KogMaw,0.009000224971361196,6
jg,Zoe,0.006997173406867015,2
jg,Yorick,0.006994418758704766,31
jg,Khazix,0.004876978635426917,7655
jg,Leona,0.0044457840750545706,1
jg,Garen,0.00405952420876176,11
jg,Sona,0.003952898758180222,1
jg,Aurora,0.00339431456139801,3
jg,Teemo,0.0033188267323977904,521
jg,KSante,0.003083174817952209,1
jg,Kayle,0.002651637278566845,28
jg,Lissandra,0.0016964042714318387,4
jg,Kassadin,0.0005405214497542205,14
jg,Renekton,0.0002731840335554675,2
jg,Smolder,0.0001345623297418426,2
jg,Xayah,-6.948353139104492e-05,2
jg,TahmKench,-9.229929874403703e-05,2
jg,Tristana,-0.00026414543417312933,8
jg,Heimerdinger,-0.0003936832540767155,4
jg,Blitzcrank,-0.00040631558145467437,2
jg,Katarina,-0.0007018044904472545,6
jg,Akali,-0.0015977259452839498,5
jg,Maokai,-0.0026650883075734874,472
jg,Thresh,-0.003445352808297383,1
jg,Annie,-0.003548562562159044,1
jg,Yuumi,-0.003578823248339329,1
jg,Syndra,-0.0036253396418367044,3
jg,Azir,-0.0036307311148546925,1
jg,Zilean,-0.003648576202594435,1
jg,Alistar,-0.003675156402658408,1
jg,Lux,-0.0037150729046979427,1
jg,MissFortune,-0.0037670263051515244,1
jg,Gangplank,-0.0038330605393341885,3
jg,Akshan,-0.003989065258056478,3
jg,TwistedFate,-0.00418539120984023,5
jg,Tryndamere,-0.00423683698936167,54
jg,Kalista,-0.00433223657304938,1
jg,Jinx,-0.004388837342951985,1
jg,Irelia,-0.0045669183466099435,3
jg,Gragas,-0.0048220594698657766,388
jg,Swain,-0.006884454545018275,2
jg,Ahri,-0.0069346510737519395,2
jg,Xerath,-0.007284380569628736,2
jg,Leblanc,-0.0073836743800097865,2
jg,Lucian,-0.007577434112487841,4
jg,Malzahar,-0.007629076475441749,4
jg,Anivia,-0.007699881747674359,2
jg,Samira,-0.007894515029200841,2
jg,Janna,-0.007919623805912112,2
jg,Nilah,-0.007985243384132772,2
jg,Illaoi,-0.008083286727060133,2
jg,Galio,-0.009424220182415871,5
jg,Ryze,-0.010319421183572656,5
jg,Kled,-0.011117153549849988,13
jg,Jhin,-0.011413369518593815,7
jg,Taric,-0.012803143844620446,29
jg,Fiora,-0.012842372363226587,5
jg,Shen,-0.012851693992485985,1743
jg,Morgana,-0.0131195279938376,256
jg,Warwick,-0.014732155155286863,958
jg,Zeri,-0.01476938060868274,47
jg,Cassiopeia,-0.01528997259079898,4
jg,Corki,-0.01877363965605736,7
jg,Gnar,-0.019323139963312294,7
jg,Varus,-0.019482572631063132,7
jg,Sett,-0.01977720888784354,20
jg,Diana,-0.021135273826718363,3366
jg,Vi,-0.02646385607841204,4998
jg,Camille,-0.026832834103586983,223
jg,JarvanIV,-0.027437283942397705,6708
jg,Qiyana,-0.027818244979952056,2414
jg,Singed,-0.030164811631211857,53
jg,Naafiri,-0.03116884815441793,3219
jg,Brand,-0.03262346911446193,637
jg,Yone,-0.03448638099730588,49
jg,Yasuo,-0.038144845211727646,10
jg,DrMundo,-0.038262331065982674,3380
jg,Draven,-0.039173893514937316,27
jg,MonkeyKing,-0.04076419832045778,1948
jg,Darius,-0.04226566860501865,759
jg,Nocturne,-0.04351583686834059,3572
jg,Lillia,-0.04599495396245372,2632
jg,Jayce,-0.04683864299418705,3307
jg,Rammus,-0.047784275188501264,835
jg,Ambessa,-0.050794826109456265,5254
jg,Riven,-0.05178988075182713,211
jg,Volibear,-0.05233779692921642,1500
jg,Quinn,-0.052619234561081175,30
jg,Ezreal,-0.061736162914848056,43
jg,Kaisa,-0.06244860554514927,77
jg,Pantheon,-0.07653052505312777,1168
jg,Olaf,-0.08693561100481635,240
jg,Sejuani,-0.08781916832356725,1201
jg,Shyvana,-0.09850728761551732,570
jg,Jax,-0.09929130531667962,1202
jg,Poppy,-0.11030615873181812,350
jg,Amumu,-0.11093402957627237,962
jg,Twitch,-0.11256105766854774,125
jg,Fizz,-0.11401006943807192,1735
jg,Viego,-0.11934190841917178,9701
jg,Malphite,-0.1362446713726286,1030
mid,Neeko,0.18093273718446168,694
mid,Riven,0.13141301188768353,374
mid,Zoe,0.11254375598738975,4165
mid,Kayle,0.10571923110775547,917
mid,Nasus,0.10399096698456216,675
mid,Kled,0.10204832921111091,173
mid,Vex,0.1019924959339195,2210
mid,Gragas,0.09263771602425673,341
mid,Ambessa,0.08850654339506182,591
mid,Veigar,0.08779016710444712,3115
mid,Annie,0.08718673068397177,1864
mid,AurelionSol,0.08451459096586214,2401
mid,Pantheon,0.08284778961768556,885
mid,Gangplank,0.08187203296216718,313
mid,Sion,0.07715947340279909,1116
mid,Katarina,0.07579032616757586,5415
mid,Lissandra,0.07550622099445939,2505
mid,Talon,0.07330050587573518,2189
mid,Ahri,0.07183546270509741,13983
mid,Taliyah,0.06713731954501898,3097
mid,TwistedFate,0.06344294569380608,5951
mid,Poppy,0.05909761583659021,76
mid,Fizz,0.05149357507977219,2666
mid,Akshan,0.05119272407462653,3402
mid,Nunu,0.04938244901281238,244
mid,Anivia,0.04860964952527641,3776
mid,Belveth,0.04617667410029521,36
mid,Heimerdinger,0.044755620879138085,251
mid,Seraphine,0.04320502857634576,306
mid,Nautilus,0.041875866082839525,49
mid,Brand,0.04014434837055919,734
mid,Aatrox,0.039750841841302335,150
mid,Camille,0.03973989307570774,73
mid,Zac,0.03909273237019988,332
mid,Xerath,0.038817309614354485,3792
mid,Kennen,0.03837630981095373,535
mid,Ivern,0.037824673985763155,69
mid,KogMaw,0.036756391971521266,668
mid,Karma,0.03563580199117155,457
mid,Akali,0.0330119305791837,5972
mid,Ekko,0.031580438069308034,2874
mid,MissFortune,0.03081088956133527,43
mid,Swain,0.030753471711145553,1342
mid,Kalista,0.029329873959142487,46
mid,Gnar,0.028184002507880963,19
mid,Draven,0.02738001210922868,65
mid,Leblanc,0.026509347846882417,3547
mid,Renekton,0.024735839860420158,327
mid,Nocturne,0.024120512501944816,87
mid,Elise,0.02266264279541331,38
mid,Orianna,0.021621695423401005,6248
mid,Chogath,0.021315092520612106,746
mid,XinZhao,0.01978054067384432,89
mid,Vayne,0.019232470780920347,255
mid,Tryndamere,0.018882797335130135,428
mid,Kindred,0.018669639378562617,25
mid,Garen,0.017908367754933548,441
mid,Rammus,0.01776381582087402,9
mid,Qiyana,0.015402421216940701,3232
mid,Shaco,0.01528535671598231,38
mid,Zilean,0.014872604507358904,508
mid,Senna,0.013037401091865844,23
mid,Kayn,0.012861636502492352,20
mid,Sejuani,0.012327983236136025,69
mid,Rakan,0.010249144674142728,53
mid,Jayce,0.009633967625625345,1285
mid,Caitlyn,0.008976923371787479,100
mid,Shen,0.008557715134515148,163
mid,Nilah,0.005096768242266326,5
mid,Rumble,0.005008954838101833,271
mid,Viktor,0.004117688998856742,6499
mid,Rengar,0.0036456060476215205,1
mid,Skarner,0.003533153726231064,14
mid,Sett,0.0033923756404702094,122
mid,Trundle,0.0033707776087022762,7
mid,Amumu,0.003068660574835127,5
mid,Kaisa,0.002387409136492577,276
mid,Yorick,0.0021950502019932074,81
mid,Karthus,0.0015151771337191533,204
mid,KSante,0.001064646823611955,189
mid,Illaoi,0.0009765789654201861,70
mid,Singed,0.0009691363805974702,355
mid,Jhin,0.0003715576463353889,88
mid,Irelia,0.0002680655237081949,1907
mid,RekSai,-0.00014525897417129306,18
mid,Leona,-0.0011479083645857288,6
mid,MonkeyKing,-0.0016448620721862446,24
mid,Zeri,-0.0017876310125511381,67
mid,Zed,-0.0021144632893373002,5725
mid,Mordekaiser,-0.002786608728271594,126
mid,Shyvana,-0.003171218276121504,9
mid,Braum,-0.0035553020538549585,1
mid,Hecarim,-0.003923646973067307,3
mid,Bard,-0.003976562543787666,7
mid,Yasuo,-0.004219075763662935,6628
mid,Maokai,-0.005026803394863853,13
mid,Sylas,-0.005109724471568937,6326
mid,Warwick,-0.00534620147069714,29
mid,Syndra,-0.0060622691441921655,5632
mid,TahmKench,-0.00680665320385135,51
mid,Fiora,-0.0070729679142726085,44
mid,Milio,-0.007119205726675866,6
mid,Renata,-0.007730261155862597,2
mid,Velkoz,-0.008292349167726455,1056
mid,Olaf,-0.00894752307436393,28
mid,JarvanIV,-0.009420059722236331,31
mid,Blitzcrank,-0.010522861320727148,7
mid,Viego,-0.010551016937239753,494
mid,Aurora,-0.010917881603162573,4454
mid,Nami,-0.011606649493938932,5
mid,Vladimir,-0.011847656218816246,2328
mid,Darius,-0.012042014909073648,39
mid,Evelynn,-0.012475729643683837,9
mid,Yunara,-0.013546603250852008,64
mid,Volibear,-0.01380714686176724,36
mid,Janna,-0.015460836645900922,6
mid,Yuumi,-0.01579785737243971,6
mid,Vi,-0.016460349807345582,22
mid,Nidalee,-0.016702201177947424,42
mid,Xayah,-0.018539169123847152,17
mid,Ornn,-0.01917427016126632,114
mid,Khazix,-0.019357755462401892,5
mid,Zaahen,-0.020425639623744798,145
mid,Alistar,-0.02051063721249363,19
mid,Soraka,-0.02109243778333521,40
mid,LeeSin,-0.022999189874319023,157
mid,Taric,-0.023194044849576174,14
mid,Sona,-0.024169473462633085,16
mid,Jinx,-0.026846029711466688,13
mid,Aphelios,-0.02815027206298358,33
mid,Thresh,-0.028557597733043567,9
mid,Lillia,-0.029846787910040518,10
mid,DrMundo,-0.03208809617485204,175
mid,Lux,-0.03230797923003004,2123
mid,Diana,-0.03278338178442866,2318
mid,Lulu,-0.03281842301830144,66
mid,Ashe,-0.0339950542367692,31
mid,Malzahar,-0.034853088993955755,3571
mid,Tristana,-0.035030208655716676,778
mid,Zyra,-0.03672663158963913,112
mid,Jax,-0.03781386379489702,57
mid,Sivir,-0.04152913814788059,52
mid,Teemo,-0.04276011145638703,38
mid,Cassiopeia,-0.04556842070171752,1276
mid,Udyr,-0.04596701979196998,67
mid,Samira,-0.04698390666637716,32
mid,FiddleSticks,-0.04889386858033899,178
mid,Urgot,-0.049805689122707976,77
mid,Graves,-0.0499488682305741,122
mid,Kassadin,-0.05339881685223466,3420
mid,Morgana,-0.05344360348889985,431
mid,Galio,-0.05988338605779734,4991
mid,Gwen,-0.06088784649560165,145
mid,Pyke,-0.060929934271893846,78
mid,Varus,-0.06554254208484576,342
mid,Yone,-0.06848093643683827,5417
mid,Malphite,-0.0707363576432314,642
mid,MasterYi,-0.07459227680452417,129
mid,Briar,-0.08012794735088306,146
mid,Twitch,-0.08590771282132355,128
mid,Hwei,-0.08871179340620682,3031
mid,Ziggs,-0.08887462627193118,706
mid,Lucian,-0.09351456712993775,186
mid,Mel,-0.09417091931033256,3632
mid,Naafiri,-0.10582089173554898,2126
mid,Quinn,-0.11209142532854659,350
mid,Ryze,-0.11914244761747994,5375
mid,Corki,-0.11938277625159914,704
mid,Ezreal,-0.14894776275948016,275
mid,Azir,-0.184332374684672,1837
mid,Smolder,-0.20773264069772265,920
sup,Thresh,0.1424163538951666,11591
sup,Braum,0.12188384514846327,7267
sup,Bard,0.11907953412781433,9108
sup,Leona,0.11521266619855812,6640
sup,Elise,0.1103322788106049,1853
sup,Annie,0.10878936169711848,392
sup,Rell,0.10705242800320224,3945
sup,Janna,0.10682734095854123,5085
sup,Brand,0.10553241549337747,1356
sup,Pyke,0.10313511766583096,5559
sup,Alistar,0.09905537677491943,5834
sup,Neeko,0.09755890554602474,3698
sup,Zilean,0.09701769055639707,2943
sup,Blitzcrank,0.09450359388014333,5257
sup,Syndra,0.08324288795469618,101
sup,Rakan,0.08305602807979506,5909
sup,Poppy,0.07961192131723999,1941
sup,Taliyah,0.07807313799018217,100
sup,Kennen,0.07714894575450548,155
sup,Nami,0.07359800639464223,14677
sup,Maokai,0.07020649927749777,2084
sup,Gragas,0.0671843294996309,227
sup,FiddleSticks,0.06598373692677606,601
sup,Sona,0.060909537139719166,6726
sup,Rammus,0.06031340109247654,125
sup,Soraka,0.059689288475327305,4380
sup,Nautilus,0.05693268895953185,11906
sup,Taric,0.056852504106159316,1461
sup,Karma,0.05217173235619295,12764
sup,Lulu,0.051459171228570445,9452
sup,Nidalee,0.04657322654392968,451
sup,Hwei,0.045839682338376535,353
sup,Ivern,0.04078272479801496,133
sup,DrMundo,0.03388057405151098,30
sup,Seraphine,0.032556262000028716,4222
sup,Anivia,0.02972641925061332,684
sup,Heimerdinger,0.02762040660039889,185
sup,Renata,0.02583440564579717,969
sup,Rengar,0.025251114639111304,160
sup,Milio,0.021990270330468253,4736
sup,Varus,0.015786245431414433,12
sup,Mordekaiser,0.015497874992839927,16
sup,Evelynn,0.013406752037212052,11
sup,TahmKench,0.013120021629104662,1133
sup,Rumble,0.010376155490251393,94
sup,Velkoz,0.009463546356733339,2143
sup,Aatrox,0.009016607829910749,35
sup,Corki,0.008668603373278965,2
sup,Riven,0.008260137462830434,10
sup,RekSai,0.007834364854495525,42
sup,Warwick,0.007577692280524112,2
sup,Samira,0.007534558073570018,2
sup,KogMaw,0.00739795255417239,25
sup,Sejuani,0.0070317018257204395,127
sup,Trundle,0.006879026478178386,206
sup,TwistedFate,0.006218960483910385,127
sup,Ahri,0.004422243445273033,54
sup,Viktor,0.004249144228526755,5
sup,Fizz,0.004039579470169369,9
sup,Kindred,0.004023591451866807,1
sup,Akshan,0.0036334390650258723,45
sup,Chogath,-4.905839326249222e-05,63
sup,Khazix,-0.0002332338733548203,6
sup,Yone,-0.0003862439081309323,6
sup,Gnar,-0.00047859725382147966,2
sup,Draven,-0.0005319252023686228,2
sup,Yunara,-0.0007213565782473976,4
sup,Udyr,-0.0009103622417650177,4
sup,Zed,-0.0009681786366206085,29
sup,Kayn,-0.000994753770260615,8
sup,Akali,-0.0012829834551633347,11
sup,MasterYi,-0.001534292791388462,23
sup,Shen,-0.0018720956633319125,366
sup,Ryze,-0.002335405752079437,11
sup,Lucian,-0.0023828051852195476,5
sup,Morgana,-0.002566581733481841,2015
sup,Vi,-0.0031829403541694607,29
sup,Vladimir,-0.0033756945878014913,3
sup,Renekton,-0.0033898319641049264,3
sup,Yorick,-0.0034737465904846184,5
sup,Smolder,-0.003610425649836986,1
sup,Nilah,-0.003714436072054866,1
sup,Garen,-0.0038135373300607006,1
sup,Azir,-0.0039858664613637435,1
sup,Ekko,-0.004023167373478726,30
sup,Vex,-0.004072504903082522,46
sup,Gwen,-0.00408096329273303,1
sup,Graves,-0.004169876306901416,3
sup,Irelia,-0.004702043969830525,1
sup,Kalista,-0.005912551267699857,8
sup,Zoe,-0.007466975900838342,1016
sup,Fiora,-0.007653179343734525,25
sup,JarvanIV,-0.008046704589226551,263
sup,Sivir,-0.008511678108651333,2
sup,Jinx,-0.009372703383911447,9
sup,Nocturne,-0.01074901645142969,3
sup,Amumu,-0.010780079334497351,543
sup,Kaisa,-0.011455220217900488,7
sup,Jayce,-0.011655194203019227,13
sup,Olaf,-0.011683892742619538,3
sup,Talon,-0.013690684721230783,8
sup,Volibear,-0.014068035395457602,10
sup,Tristana,-0.01434557868153922,4
sup,Karthus,-0.014467311040570289,21
sup,Ambessa,-0.014879597642767176,6
sup,Diana,-0.015189105156415406,8
sup,Kled,-0.015381636905784282,18
sup,Gangplank,-0.015557059321731159,4
sup,Aphelios,-0.015604389554423738,4
sup,Zaahen,-0.016642163359844028,34
sup,XinZhao,-0.01675429863818514,27
sup,Urgot,-0.017934091300142174,9
sup,Viego,-0.01807180264450708,31
sup,Malphite,-0.018522557833328016,68
sup,Kassadin,-0.01857680565831632,5
sup,Quinn,-0.018953483079155575,44
sup,Tryndamere,-0.019002464810217033,5
sup,MonkeyKing,-0.020475677047841718,51
sup,Vayne,-0.020760719474887328,26
sup,Malzahar,-0.020782398184459313,24
sup,AurelionSol,-0.02105827220952092,22
sup,Jhin,-0.021370852389356855,53
sup,Caitlyn,-0.022426738352102734,14
sup,Belveth,-0.023096208471628125,12
sup,Nasus,-0.02364281759760155,52
sup,Cassiopeia,-0.024621806905900292,23
sup,MissFortune,-0.02487963444257516,39
sup,Shaco,-0.025935771816084585,1008
sup,Sion,-0.02715972310689363,265
sup,Naafiri,-0.028063263084901705,16
sup,Illaoi,-0.028554985977390753,10
sup,Yasuo,-0.028826366659156187,18
sup,Pantheon,-0.03140574107254761,2228
sup,Briar,-0.0319984890524715,35
sup,Senna,-0.032098496700892355,5069
sup,Jax,-0.03275606479495671,70
sup,Zyra,-0.034113786285358785,1695
sup,LeeSin,-0.03446176908294667,93
sup,Lux,-0.03728053953792668,2336
sup,Lissandra,-0.03829038460402461,163
sup,Nunu,-0.04041281016547084,75
sup,Skarner,-0.043647185085278935,132
sup,KSante,-0.04547750765819571,101
sup,Ziggs,-0.045506837718091345,43
sup,Aurora,-0.04679477258574949,34
sup,Leblanc,-0.04950547244056246,480
sup,Ornn,-0.05243212401759097,43
sup,Singed,-0.053972444543019596,77
sup,Sett,-0.054221186525428636,70
sup,Darius,-0.05432673466119632,21
sup,Kayle,-0.05579450561943835,34
sup,Galio,-0.06272917525658743,396
sup,Katarina,-0.06871997505563468,41
sup,Qiyana,-0.06908383920283151,115
sup,Zac,-0.0749790237091585,316
sup,Orianna,-0.07678474656280918,98
sup,Camille,-0.07972347022195454,367
sup,Xerath,-0.0843670649265558,1254
sup,Teemo,-0.08499717245268952,285
sup,Twitch,-0.08820101418685403,144
sup,Veigar,-0.09000777383189879,187
sup,Yuumi,-0.09016036947433917,3435
sup,Swain,-0.09489345897515962,1380
sup,Sylas,-0.10795603152060888,708
sup,Ezreal,-0.10811654115048694,434
sup,Ashe,-0.12095330673932231,313
sup,Mel,-0.1837277886024812,852
top,Anivia,0.16891464859966127,1077
top,Kennen,0.12372086032469819,3018
top,Riven,0.11249050605871115,4164
top,Kayle,0.11203543931230783,2424
top,Poppy,0.09569069863617391,1457
top,Elise,0.0815178633458717,203
top,Singed,0.07992744006980776,2930
top,KogMaw,0.07852803880332075,132
top,Urgot,0.07403956750990605,3131
top,FiddleSticks,0.07395589900682523,372
top,Gangplank,0.07206626469438517,3730
top,Ornn,0.07146070849729906,5502
top,Pantheon,0.07073827373415034,1948
top,Kalista,0.06746695918128721,107
top,Zilean,0.06734476116675045,240
top,Qiyana,0.06646304600556176,244
top,Cassiopeia,0.06402767142378651,985
top,Belveth,0.06358526016128374,46
top,Chogath,0.06218905174457086,2226
top,Kled,0.06148533806320319,2021
top,Vex,0.060664287305639934,67
top,Gwen,0.06008862882246786,2727
top,Zed,0.0593730280193278,661
top,Vayne,0.05457321666744773,3327
top,Zoe,0.05102171919669087,139
top,Rengar,0.04900603062206646,466
top,Rumble,0.04747067159447413,3664
top,Vladimir,0.04297820013013693,1952
top,Nautilus,0.04252944004771192,62
top,Viktor,0.04241170799638121,194
top,Leblanc,0.041902178536304444,115
top,Nocturne,0.040011137423675805,207
top,Shen,0.03961685751434775,3690
top,Morgana,0.038179925771104566,86
top,Katarina,0.036652772236773386,85
top,Azir,0.036451985630560284,236
top,Zaahen,0.034589827863130605,6133
top,Camille,0.033290221511751435,3447
top,Garen,0.03254894440401762,4621
top,Kindred,0.030258654919080617,32
top,Draven,0.0298786688469145,124
top,Ekko,0.029507958245090112,152
top,Olaf,0.02759870796518552,2204
top,Lissandra,0.025991241018374384,191
top,Illaoi,0.025380256011289383,1497
top,Yone,0.02386352193677338,4525
top,Naafiri,0.021762487252789547,394
top,Briar,0.02146368869003643,288
top,Akali,0.019121078856123682,2582
top,Senna,0.018226059333524745,47
top,Taliyah,0.017419919242748425,46
top,Zeri,0.016335106685370297,14
top,Sona,0.016220777268368264,8
top,AurelionSol,0.016064741460614155,105
top,Kassadin,0.015546380109140452,153
top,Yorick,0.015495136094940893,2216
top,Darius,0.015270241250766987,4202
top,Warwick,0.015059361696352726,1174
top,Renekton,0.012567397933940887,5609
top,Irelia,0.011431327471432082,4193
top,Jayce,0.011382865993372775,5193
top,Zac,0.010500031339381988,610
top,Ashe,0.010253368748198526,27
top,Ivern,0.00955616727653405,111
top,Aurora,0.00812182863876572,1618
top,Evelynn,0.007709244784094155,10
top,Varus,0.007523477087125681,2099
top,Sivir,0.00735721063843804,2
top,Blitzcrank,0.005275829138776029,5
top,Milio,0.004089820215846826,1
top,Nasus,0.003108253968986792,2700
top,Thresh,0.002947809146304104,11
top,Jinx,0.0024608677693854692,7
top,Heimerdinger,0.001967001952551048,848
top,Hwei,0.0015504563759254192,55
top,Ziggs,0.0012579351645494322,14
top,Nunu,0.0011266507982408927,12
top,MonkeyKing,0.0010116347562806435,673
top,Braum,-0.00024256178301541298,2
top,Yunara,-0.0009838040881640934,12
top,Aphelios,-0.0020778028316868827,27
top,DrMundo,-0.0020818549765794867,3366
top,Udyr,-0.002414447503801703,894
top,Bard,-0.002509939838022722,40
top,Nilah,-0.0026962928199185613,7
top,Janna,-0.0028648001966817944,17
top,Taric,-0.0036741693084159422,9
top,Ryze,-0.004177743745041354,1518
top,Soraka,-0.004284756371852298,70
top,Teemo,-0.004722873177682466,1813
top,Ambessa,-0.0047313961712421426,6283
top,Syndra,-0.005046388700263342,75
top,Tristana,-0.006263050382387177,72
top,Caitlyn,-0.006478000792620963,56
top,Amumu,-0.006830328907105597,4
top,MissFortune,-0.006903305681282884,8
top,Nami,-0.007243561313574148,2
top,Leona,-0.007340880497817321,4
top,Seraphine,-0.007865295508361224,10
top,Pyke,-0.007875303803527375,4
top,Fiora,-0.008136337458947221,4603
top,Tryndamere,-0.008141118729690292,1882
top,Zyra,-0.008254902559383043,12
top,Rammus,-0.00829934646623857,55
top,Xayah,-0.00839594758252325,2
top,Ahri,-0.010249416128711684,251
top,Neeko,-0.011295841242171293,97
top,Renata,-0.01187150919797735,3
top,Gragas,-0.012096632072154105,2182
top,Sylas,-0.012269755316903438,984
top,Samira,-0.013001554343733308,11
top,Velkoz,-0.013490625562255354,149
top,Galio,-0.013668439292904608,346
top,Rell,-0.015039972584600674,51
top,Nidalee,-0.015229499983261707,110
top,Twitch,-0.015274646003720523,12
top,Diana,-0.01715404418716971,180
top,Sion,-0.018493940257881095,5411
top,Swain,-0.01994489188266333,667
top,Skarner,-0.020019301227947855,147
top,Hecarim,-0.021118358778914856,10
top,Brand,-0.02125024563389306,168
top,Xerath,-0.021328406304609394,18
top,Lux,-0.021885819405149755,38
top,Alistar,-0.02199226819788234,30
top,Karma,-0.022129326158069902,293
top,Rakan,-0.02270628471877306,8
top,Malzahar,-0.024443749724563014,229
top,Orianna,-0.02491655020036186,55
top,Talon,-0.025804973902317466,70
top,TwistedFate,-0.028547552360883764,305
top,Yuumi,-0.02873435019938982,8
top,Khazix,-0.0301128186299216,35
top,Shaco,-0.03066464408521245,95
top,Jhin,-0.0319970445786141,58
top,Gnar,-0.03302290565789691,4222
top,Aatrox,-0.03370259478150238,6030
top,LeeSin,-0.03399904184258394,358
top,Quinn,-0.03562973126453434,818
top,MasterYi,-0.03585848304323937,440
top,Corki,-0.0375372885732184,158
top,Annie,-0.039479686648741116,97
top,Akshan,-0.04236211831475291,254
top,Shyvana,-0.04301221581979507,47
top,Mordekaiser,-0.043966322509466284,3097
top,Ezreal,-0.0451961022447552,67
top,XinZhao,-0.0452973480837319,366
top,JarvanIV,-0.0456508164869312,88
top,Lillia,-0.046623673110256676,21
top,Veigar,-0.04683016860989889,103
top,KSante,-0.04780836735180288,5234
top,Jax,-0.04829708415716356,5485
top,Viego,-0.049895607290544375,204
top,Mel,-0.05017461810795894,47
top,Kaisa,-0.05776089528446804,91
top,Sejuani,-0.06197714409013652,453
top,Graves,-0.06367360861341646,309
top,Lucian,-0.06733366125892441,104
top,Kayn,-0.06761315848110065,249
top,Yasuo,-0.07059629998785483,2888
top,Lulu,-0.07066517987784965,108
top,Fizz,-0.07434803759115716,140
top,Malphite,-0.07696898402157866,5044
top,TahmKench,-0.08144682039335807,912
top,Trundle,-0.08295693496780031,736
top,Sett,-0.08613609264580432,2564
top,Karthus,-0.09344664061927178,73
top,Volibear,-0.09728974636188745,2099
top,Vi,-0.10458002166758928,71
top,Maokai,-0.10590772353578258,503
top,RekSai,-0.10662029894249109,531
top,Smolder,-0.1217381481175026,329
