model,split,log_loss,brier,auc,accuracy,ece_q10,pred_std
constant,val,0.6933205745950458,0.2500866878652773,0.5,0.4982021196063588,0.01218331205429043,1.1102230246251565e-16
constant,test,0.6930321539800072,0.24994248844417688,0.5,0.5079512324410284,0.014895037549227334,1.6653345369377348e-16
champ,val,0.6904600211588015,0.24866059224531825,0.542534749364217,0.5290499621498864,0.013372537347751541,0.04517752636812004
champ,test,0.6891171202145723,0.2479939231314456,0.5489929896361906,0.5328650940895839,0.00516729297346528,0.04591204671439203
champ_role,val,0.6904667348796876,0.24866433192061269,0.5423294238116037,0.5268735806207419,0.012960099683871913,0.04783236314324148
champ_role,test,0.6885131808277815,0.24769135683434387,0.5537204759804522,0.5347203816591571,0.013297734579361864,0.048345385100095305
champ_role+matchup,val,0.690271910088382,0.24856746209974728,0.5439855220011107,0.5313682816048448,0.016864012939962002,0.0484403839879319
champ_role+matchup,test,0.6882764298309838,0.2475736464811404,0.5552919952031801,0.5394248608534323,0.012768427984108264,0.049784443734290744
champ_role+matchup+synergy,val,0.6901134441765863,0.2484892271459768,0.5449511009822783,0.5325984102952309,0.012626807558067825,0.04923121099804798
champ_role+matchup+synergy,test,0.6883395943787372,0.24760597120810246,0.5545899645789408,0.536178107606679,0.006016960472859738,0.05000079033201151
LEAKY champ_role+current_wr,val,0.6362394123711533,0.22298304481470546,0.6881488716362059,0.636449659348978,0.010919673241665269,0.16434532980650388
LEAKY champ_role+current_wr,test,0.6538995848732219,0.23061804884608958,0.6610510599090257,0.6144977471508084,0.018351865227382577,0.1632984525653154
