fraction,seed,train_games,model,test_log_loss,improvement_vs_constant
0.125,0,9158,logreg_strength,0.6917924678948992,0.0012285047493029166
0.125,0,9158,logreg_pairs,0.6915827289969617,0.0014382436472404336
0.125,0,9158,factorization_machine,0.6922538465038192,0.0007671261403829899
0.125,0,9158,xgboost,0.6925448179244995,0.00047615471970263723
0.125,1,9158,logreg_strength,0.6918016869192025,0.0014131550310669816
0.125,1,9158,logreg_pairs,0.6918195002913808,0.0013953416588886602
0.125,1,9158,factorization_machine,0.6919221419551836,0.0012926999950858553
0.125,1,9158,xgboost,0.6929106712341309,0.0003041707161386409
0.25,0,18316,logreg_strength,0.6908446660369784,0.0021760761128746253
0.25,0,18316,logreg_pairs,0.6906340079703582,0.002386734179494754
0.25,0,18316,factorization_machine,0.6906568398878739,0.002363902261979134
0.25,0,18316,xgboost,0.6921162009239197,0.0009045412259333085
0.25,1,18316,logreg_strength,0.6911335448665497,0.0018964277798919627
0.25,1,18316,logreg_pairs,0.6910848282894974,0.0019451443569442617
0.25,1,18316,factorization_machine,0.6908748883373897,0.002155084309051869
0.25,1,18316,xgboost,0.6923399567604065,0.0006900158860351224
0.5,0,36631,logreg_strength,0.6904394147174217,0.002590211433287415
0.5,0,36631,logreg_pairs,0.6900876529684662,0.002941973182242874
0.5,0,36631,factorization_machine,0.6901875190375748,0.0028421071131342623
0.5,0,36631,xgboost,0.6909353137016296,0.0020943124490794274
0.5,1,36631,logreg_strength,0.690670100962662,0.002369750387010816
0.5,1,36631,logreg_pairs,0.690499258490092,0.002540592859580859
0.5,1,36631,factorization_machine,0.6906135002584657,0.002426351091207146
0.5,1,36631,xgboost,0.6914912462234497,0.0015486051262231237
1.0,0,73262,logreg_strength,0.6889850217317226,0.004035851366014254
1.0,0,73262,logreg_pairs,0.6888020897343969,0.0042187833633399174
1.0,0,73262,factorization_machine,0.6891327039636379,0.003888169134098951
1.0,0,73262,xgboost,0.6897177696228027,0.0033031034749341215
