target_patch,train_patches,train_games,gamma,model,log_loss,improvement_vs_constant
16.4,16.1-16.3,19032,1.0,logreg_strength,0.6926410124090159,0.00030936428341943323
16.4,16.1-16.3,19032,1.0,logreg_pairs,0.6925021637586466,0.0004482129337887164
16.4,16.1-16.3,19032,0.7,logreg_strength,0.6924516518091984,0.0005122923659763856
16.4,16.1-16.3,19032,0.7,logreg_pairs,0.692332798000199,0.0006311461749758385
16.4,16.1-16.3,19032,0.5,logreg_strength,0.6924746414143369,0.0005149939273844106
16.4,16.1-16.3,19032,0.5,logreg_pairs,0.6923932460742098,0.0005963892675114879
16.4,16.1-16.3,19032,0.3,logreg_strength,0.6926338490037879,0.0003982518244938227
16.4,16.1-16.3,19032,0.3,logreg_pairs,0.6925706994307165,0.0004614013975652309
16.5,16.1-16.4,41561,1.0,logreg_strength,0.6907367818817516,0.0025184346800098956
16.5,16.1-16.4,41561,1.0,logreg_pairs,0.6906165307624336,0.002638685799327911
16.5,16.1-16.4,41561,0.7,logreg_strength,0.690677561482212,0.0025540268292976176
16.5,16.1-16.4,41561,0.7,logreg_pairs,0.6905517944048328,0.0026797939066768306
16.5,16.1-16.4,41561,0.5,logreg_strength,0.6907805684223036,0.0024451396211343512
16.5,16.1-16.4,41561,0.5,logreg_pairs,0.6906568236354538,0.0025688844079841955
16.5,16.1-16.4,41561,0.3,logreg_strength,0.6909363930644631,0.0022927527652943924
16.5,16.1-16.4,41561,0.3,logreg_pairs,0.6908467261078395,0.0023824197219179943
16.6,16.1-16.5,94398,1.0,logreg_strength,0.6885131808277815,0.004518973152225714
16.6,16.1-16.5,94398,1.0,logreg_pairs,0.688339594378737,0.00469255960127013
16.6,16.1-16.5,94398,0.7,logreg_strength,0.688719128247415,0.004328048409203755
16.6,16.1-16.5,94398,0.7,logreg_pairs,0.688484410015892,0.004562766640726745
16.6,16.1-16.5,94398,0.5,logreg_strength,0.688835889639744,0.004221820333201509
16.6,16.1-16.5,94398,0.5,logreg_pairs,0.6886888687825801,0.004368841190365402
16.6,16.1-16.5,94398,0.3,logreg_strength,0.689079061724798,0.003989280434811282
16.6,16.1-16.5,94398,0.3,logreg_pairs,0.6889259583780982,0.004142383781511105
