model,split,log_loss,brier,auc,accuracy,ece_q10,pred_std,seconds
constant,val,0.6933205745950458,0.2500866878652773,0.5,0.4982021196063588,0.01218331205429043,1.1102230246251565e-16,0.011564493179321289
constant,test,0.6930321539800072,0.24994248844417688,0.5,0.5079512324410284,0.014895037549227334,1.6653345369377348e-16,0.011564493179321289
logreg_strength,val,0.6904667348796876,0.24866433192061269,0.5423294238116037,0.5268735806207419,0.012960099683871913,0.04783236314324148,8.66954231262207
logreg_strength,test,0.6885131808277815,0.24769135683434387,0.5537204759804522,0.5347203816591571,0.013297734579361864,0.048345385100095305,8.66954231262207
logreg_pairs,val,0.6901134441765863,0.2484892271459768,0.5449511009822783,0.5325984102952309,0.012626807558067825,0.04923121099804798,40.8530957698822
logreg_pairs,test,0.6883395943787372,0.24760597120810246,0.5545899645789408,0.536178107606679,0.006016960472859738,0.05000079033201151,40.8530957698822
factorization_machine,val,0.6902616720897796,0.24856242972694628,0.5435095465502782,0.5305639666919001,0.012850494931235534,0.04879589849092926,39.26719641685486
factorization_machine,test,0.6886132858293553,0.24774006186287717,0.5535912155688805,0.5378346143652266,0.008268544592087703,0.05023562993552862,39.26719641685486
xgboost,val,0.690974771976471,0.2489156872034073,0.5377970218437879,0.5258327024981075,0.014180510350694073,0.038702964782714844,18.878089666366577
xgboost,test,0.6894327998161316,0.24814794957637787,0.5496622857660406,0.5359130665253115,0.0121841145436959,0.036697886884212494,18.878089666366577
transformer,val,0.6904113369271418,0.24863685171057182,0.5424723664273605,0.5284348978046934,0.012684786212852642,0.047550978102811385,195.6063437461853
transformer,test,0.6884658761876226,0.24766739923773662,0.5541865231340039,0.5358468062549695,0.013146795208025048,0.048122187211313616,195.6063437461853
